{"n_estimators": 100, "random_state": 10, "learning_rate": 0.22293927521066975, "num_leaves": 300, "max_depth": 8, "lambda_l1": 18, "lambda_l2": 38, "min_gain_to_split": 10, "bagging_fraction": 0.5411907584134206, "bagging_freq": 1, "colsample_bytree": 0.9835013539743898, "class_weight": "balanced"}